ds,yhat,yhat_lower,yhat_upper
2022-01-01,2185797.7543141646,1941944.2949573004,2411232.637817122
2022-01-02,2216144.0796222794,1964477.4961952972,2442508.709478785
2022-01-03,2056860.6124721973,1824616.3851521045,2275203.4549844344
2022-01-04,2022798.5791919292,1778010.5895115652,2262463.971700675
2022-01-05,2062734.0041826097,1832668.1400629529,2305276.7699177633
2022-01-06,2074725.4544469186,1844895.0816303336,2310731.4575385367
2022-01-07,2083932.2623415063,1855499.7618785861,2299701.9625105667
2022-01-08,2264788.620916388,2044416.9691198578,2505024.786166458
2022-01-09,2258205.415816378,2008537.7230722709,2486184.3015696406
2022-01-10,2049205.9467759451,1817094.9181148454,2282459.469676392
2022-01-11,1971700.6008869114,1728427.9222401713,2205716.793828163
2022-01-12,1987604.1484414914,1750786.209139274,2228045.9603969585
2022-01-13,1997941.8394379488,1775068.8887691665,2233490.519683108
2022-01-14,2023865.3569138432,1789323.6052311051,2257994.652519746
2022-01-15,2234463.9499460254,1999802.1236850927,2481468.089814654
2022-01-16,2266046.9114754186,2035773.2516166854,2496969.8694826267
2022-01-17,2097023.1375761153,1863938.552769468,2321281.6681403983
2022-01-18,2050210.837453009,1811965.6075464615,2264605.177059851
2022-01-19,2075023.7981534603,1849138.9068720525,2300800.528985818
2022-01-20,2066591.3444850051,1837160.1335956277,2286629.8130902867
2022-01-21,2053328.5304169364,1816460.540999597,2285776.8303077416
2022-01-22,2222956.198622463,2012217.6572900582,2456110.5005537975
2022-01-23,2231331.3012701944,2002472.8371779094,2450575.6766189607
2022-01-24,2065217.918878349,1821531.290124516,2301868.496567249
2022-01-25,2040203.2414217005,1821849.9290804686,2269175.417571249
2022-01-26,2089263.424858092,1856503.9143038092,2316965.619028688
2022-01-27,2093389.9649325502,1863550.9458163872,2323760.494935573
2022-01-28,2076959.4370785267,1861842.2484209058,2328934.7488364675
2022-01-29,2233038.4281760273,1994916.5689714167,2435566.367033113
2022-01-30,2225871.162261165,2001851.2611438003,2447874.634943422
2022-01-31,2048191.9210658865,1806014.801830817,2276028.990780655
2022-02-01,2018850.1719092121,1775197.438239671,2249568.6198555664
2022-02-02,2074074.286854224,1861658.590861878,2315356.694715745
2022-02-03,2098413.887453113,1879857.312242687,2325029.0504993373
2022-02-04,2116138.208368816,1885040.1692835074,2347708.30834089
2022-02-05,2311985.8892640662,2070168.1354020345,2539013.736656115
2022-02-06,2334468.965704587,2100399.3049377087,2556615.90818911
2022-02-07,2160857.812520724,1950440.3591314568,2391175.629571257
2022-02-08,2104675.2914545494,1856346.4995204783,2311335.4381692177
2022-02-09,2111226.351423884,1882916.8378365163,2364165.322057064
2022-02-10,2083367.911048782,1830758.0248735384,2330596.905357548
2022-02-11,2062399.230483518,1815798.6828394383,2295053.8466582056
2022-02-12,2240988.859444576,2019261.3347286598,2469205.10250422
2022-02-13,2266368.317611482,2039629.184592236,2504138.6432336513
2022-02-14,2110502.5033715786,1878700.535050167,2350536.7755770735
2022-02-15,2081943.974201195,1859090.0280728948,2311159.268337387
2022-02-16,2120823.90858661,1879416.2708740428,2343828.138685946
2022-02-17,2121231.4710501335,1884566.5534786482,2351649.5822106767
2022-02-18,2111933.7264452837,1868346.315542564,2323474.5532491263
2022-02-19,2275322.67505196,2046045.489801001,2497905.9570841463
2022-02-20,2259036.119823866,2035736.8811365631,2482510.903691706
2022-02-21,2048983.5366796737,1806652.3256293267,2276852.359626741
2022-02-22,1974539.0757448273,1744676.9282087074,2214826.330371177
2022-02-23,1991139.4227207191,1763482.1678221524,2213400.0146621433
2022-02-24,1993521.2551450748,1763315.3745581706,2216452.334206793
2022-02-25,1997542.8576132157,1772359.6001414517,2239567.927247131
2022-02-26,2169120.7466372,1925215.1346210823,2407213.954813655
2022-02-27,2146636.2462110384,1920168.064475551,2364723.552585464
2022-02-28,1917515.9944051022,1703062.7988437428,2147165.007656039
2022-03-01,1819091.8707043037,1589680.3202943248,2050120.6739350043
2022-03-02,1814576.184249709,1581499.2561157853,2036479.5004559553
2022-03-03,1803321.0214035788,1587780.2835215842,2031783.2995966577
2022-03-04,1804362.4140608471,1585465.2184396177,2032162.7457024169
2022-03-05,1987409.6605591963,1760119.3868454974,2215473.2589891516
2022-03-06,1993424.63539881,1752283.5185858347,2221529.4418582893
2022-03-07,1806093.213429903,1569147.8851855327,2040496.4238334587
2022-03-08,1750157.411846486,1515395.9253293502,1966812.1481559263
2022-03-09,1771948.88478294,1550324.1790830633,2010872.7684976242
2022-03-10,1759382.7619738895,1518744.5106429227,1997389.4563223226
2022-03-11,1733359.4766454434,1493642.3523937892,1969006.7613521079
2022-03-12,1878251.0935984885,1655532.2577059176,2097152.2286068564
2022-03-13,1853863.9894522044,1635821.330446484,2088889.2706192567
2022-03-14,1656681.5272394207,1420082.2017408698,1893904.1198108636
2022-03-15,1613998.9146005416,1385897.8114891956,1838705.4546684558
2022-03-16,1667775.9146862482,1428121.8589800242,1886986.793706038
2022-03-17,1700234.1187981786,1478924.3955169676,1911002.16134417
2022-03-18,1727236.5429163554,1497908.1785189006,1961594.5410941
2022-03-19,1926140.5681526035,1707323.7082313704,2163020.860660971
2022-03-20,1945398.3696689485,1718343.184133743,2154423.852258079
2022-03-21,1768673.1984122512,1525817.505672064,2013733.1307315272
2022-03-22,1717029.4557503925,1493797.5012198817,1948067.0871578634
2022-03-23,1739455.8892653994,1510921.3393173937,1953858.9056248786
2022-03-24,1736642.8492791962,1511936.8677957912,1971254.5411608482
2022-03-25,1743815.1684101773,1515171.2911809634,1975433.0668152985
2022-03-26,1946602.2186609262,1706383.9274727036,2179511.8747177897
2022-03-27,1986340.239333093,1739489.4878792407,2222880.744877185
2022-03-28,1830358.4897105717,1587396.1967785202,2056727.1877523665
2022-03-29,1785701.396328149,1570063.2046137769,2012821.3246318828
2022-03-30,1797553.559310005,1559050.9974717598,2021045.670616607
2022-03-31,1772258.7011060596,1546521.9615436718,1998206.0631310225
2022-04-01,1753697.6000004967,1516305.8253847589,1972640.488222294
2022-04-02,1933804.9786678022,1713054.0646787079,2140966.293555986
2022-04-03,1957659.8879736476,1732763.4474233561,2196203.1524232016
2022-04-04,1796252.9846509502,1563505.0778006697,2017068.8104786796
2022-04-05,1760553.0101459005,1541341.7369619873,2012128.0546530646
2022-04-06,1796067.6599483422,1585046.01832696,2016373.6238715418
2022-04-07,1801262.207872153,1579312.2515763098,2040341.6342099167
2022-04-08,1804629.3275881372,1584595.3200992737,2032764.3959444973
2022-04-09,1982967.2258730414,1740503.9824359007,2191152.1733382223
2022-04-10,1976406.8159411661,1751053.3878309329,2208561.0289684623
2022-04-11,1765228.842796866,1541462.398333511,2007026.4945440541
2022-04-12,1678797.0507437666,1439082.4128852468,1912347.2789137026
2022-04-13,1679732.3390103264,1472102.7571408662,1904352.1386995371
2022-04-14,1674475.6507025207,1450017.9233757611,1895618.6043893825
2022-04-15,1690134.3496278364,1466660.8762310285,1923013.675096164
2022-04-16,1898049.0117013392,1668529.7597485692,2133271.1549239433
2022-04-17,1933267.4032421059,1721081.8412582278,2153322.412809423
2022-04-18,1770625.7674359533,1541829.5026953544,2000461.1198888451
2022-04-19,1730342.4315334763,1492969.7854338388,1938263.5952030008
2022-04-20,1762144.9973554963,1520100.1322013782,1983020.9661404963
2022-04-21,1761818.2854486892,1520331.300264367,1992498.670647649
2022-04-22,1756367.7335927815,1522473.1184848766,1974835.7366818516
2022-04-23,1930558.7833962017,1699729.9872564578,2160367.3801385355
2022-04-24,1939838.4144785486,1702134.2314474077,2171358.774232979
2022-04-25,1773847.461030703,1526629.834435798,2008299.9499137276
2022-04-26,1752935.8035622512,1521965.2984861515,1987924.7678752916
2022-04-27,1813517.2750181113,1582856.1959793183,2048774.8180522942
2022-04-28,1834569.391771916,1604521.4562182566,2059036.2178899283
2022-04-29,1833468.9896694128,1596773.8733811758,2062855.077588733
2022-04-30,1996199.6105476941,1760060.6617263593,2213815.305619775
2022-05-01,1986040.9716688208,1759511.4958306144,2226337.7805624944
2022-05-02,1800268.973303198,1568424.7934038083,2039575.8988457278
2022-05-03,1763740.1691964995,1519394.6512244903,1993816.6665724504
2022-05-04,1816083.6756311958,1586152.257204342,2042242.1294975032
2022-05-05,1840212.4386419065,1594484.0869336976,2058032.226974475
2022-05-06,1856218.9898444188,1636200.396247489,2078710.7314962116
2022-05-07,2046582.919941012,1837491.6092874282,2282811.3634383352
2022-05-08,2062417.4276298136,1833142.6874615115,2285499.7872227863
2022-05-09,1884511.5116993159,1656617.416321098,2123012.1843367717
2022-05-10,1826668.6357136506,1590132.3907693173,2047131.2623497038
2022-05-11,1830851.2911279837,1601963.6477525227,2045920.3602357814
2022-05-12,1795139.5943244754,1546629.1037790824,2030114.0798512746
2022-05-13,1758895.5550913566,1520180.8749888586,1993634.6605049486
2022-05-14,1917848.6752581084,1684252.4726647637,2141181.6238536574
2022-05-15,1926225.9600727768,1697826.2193194695,2153505.103872761
2022-05-16,1760894.7932823373,1540096.3721619837,2006787.5392136644
2022-05-17,1730327.845059012,1487660.6558575863,1952272.4767871348
2022-05-18,1771827.7825725004,1542145.1693351339,2006364.1520966715
2022-05-19,1776808.2953066793,1545114.9760023535,2009621.3637181981
2022-05-20,1773479.5842688151,1529400.6580479871,1993180.0707974648
2022-05-21,1944907.168261976,1717509.069762519,2169226.513659817
2022-05-22,1939273.3637233125,1716726.3331361327,2166784.4649640596
2022-05-23,1740479.1291404774,1494488.0524068393,1980000.8203665046
2022-05-24,1675332.0866807546,1445902.6380516083,1900486.2901970225
2022-05-25,1700353.8441357575,1457174.0572957038,1926752.8580139936
2022-05-26,1715057.9229750768,1484659.7410311482,1925960.7487126228
2022-05-27,1740236.495069183,1518754.9371852991,1970535.4077695296
2022-05-28,1942298.4955347758,1717542.8199890761,2168740.3301080894
2022-05-29,1955148.4900832158,1724449.869277008,2189932.232990187
2022-05-30,1758489.4605474034,1544764.205368397,1995679.2965589096
2022-05-31,1684305.2319050797,1456620.4125835737,1893452.4185133884
2022-06-01,1697346.830096938,1467196.2693073119,1938427.9279127442
2022-06-02,1703037.051876685,1489893.4135363253,1933890.1310617186
2022-06-03,1725445.4793224938,1499455.9162783423,1951233.5213169514
2022-06-04,1934224.5821753158,1704828.916933773,2168214.6846455964
2022-06-05,1966931.8321976403,1721231.6017632543,2200358.48776602
2022-06-06,1803279.5099776082,1576271.5779954512,2022469.8340618755
2022-06-07,1767070.5237806446,1537430.776898525,1999564.9752671346
2022-06-08,1807497.297768093,1576992.2034485785,2049390.2142463282
2022-06-09,1814765.4875441964,1584454.0734087203,2044922.4270339531
2022-06-10,1807885.7264926191,1584169.587546199,2033164.441680919
2022-06-11,1965764.3295829657,1745856.3528724,2198441.1565679344
2022-06-12,1944485.662225653,1714982.934472198,2158160.9766467493
2022-06-13,1740981.4307950416,1532099.6502725272,1980163.618448536
2022-06-14,1687155.4433091332,1440151.1274693012,1910582.4810156496
2022-06-15,1731067.9739972951,1499559.8373380965,1947695.6462979792
2022-06-16,1757796.3515195304,1534400.582791025,1969833.1668160707
2022-06-17,1781547.7850871126,1552172.3003351477,2004762.3029587697
2022-06-18,1976113.5082925004,1748082.083871765,2213661.9016710194
2022-06-19,1988893.6060854755,1760335.8873378418,2217498.843355967
2022-06-20,1804305.9792907657,1583858.9107680728,2043097.5577741093
2022-06-21,1743919.119272154,1533881.6047372876,1976015.0731795654
2022-06-22,1756048.5364389508,1519592.3146636079,1980930.5764653187
2022-06-23,1739538.4387192093,1521590.3256276222,1960687.8325784595
2022-06-24,1729208.4519551052,1508024.9745207445,1949483.8914772286
2022-06-25,1913853.1379325183,1678247.2902448454,2140078.9014719473
2022-06-26,1941280.6769101592,1703982.3855765013,2185144.8023390537
2022-06-27,1782740.4707189742,1551467.7317767257,2021407.2087085661
2022-06-28,1743033.627745022,1508566.3563790366,1973321.9405815653
2022-06-29,1760882.9019260227,1518275.6637005939,1985261.9417961736
2022-06-30,1736340.1525115084,1509359.3197000807,1964618.495602295
2022-07-01,1711895.7101717116,1465560.9808558866,1940226.3630982907
2022-07-02,1883785.0384637744,1645788.2608168737,2105350.6831560675
2022-07-03,1904193.8748553065,1659963.4237941757,2140838.4601476574
2022-07-04,1747324.7534732802,1535692.9109981088,1983655.0238373722
2022-07-05,1721565.0596328813,1495488.1289180883,1957295.905968497
2022-07-06,1768042.9345670086,1537067.4334187235,1987489.7810486555
2022-07-07,1783011.7127152085,1559403.461039052,2012387.2682543544
2022-07-08,1796417.1769526994,1568585.9529608176,2017293.3730565766
2022-07-09,1987659.9392314854,1767479.0608282634,2213906.5706965444
2022-07-10,1997642.599656377,1768596.4206973282,2228070.1061155475
2022-07-11,1802586.9746474845,1588421.6060108088,2038059.0461923573
2022-07-12,1725699.4294609781,1498726.0138966653,1967871.5961487857
2022-07-13,1727127.8445257721,1499205.0559353735,1946181.2793649992
2022-07-14,1716204.0064411273,1483206.4550421506,1951981.5052336142
2022-07-15,1725792.4123980945,1482721.1082631827,1959031.9908133752
2022-07-16,1931262.00247505,1700841.7751502597,2174947.1132177217
2022-07-17,1968244.2813992228,1730529.3271110796,2194965.563304901
2022-07-18,1808326.3631520965,1586391.2490117904,2033207.0404807162
2022-07-19,1768081.1491870866,1527474.1115230406,2009509.2935125118
2022-07-20,1796660.5021322442,1562042.811076274,2022630.2019755824
2022-07-21,1790965.1047000242,1552582.4636684486,2009261.493389755
2022-07-22,1777998.1617312937,1538819.4666117276,2001789.2302448389
2022-07-23,1940390.3364900462,1701049.8333957882,2168734.7777329977
2022-07-24,1932463.8996058456,1717987.0834637259,2166821.312448433
2022-07-25,1745308.8307035167,1506222.6684527874,1972388.6617835613
2022-07-26,1703854.6933777174,1477449.1954506484,1914574.7972510615
2022-07-27,1750175.509597906,1518688.6329347566,1985291.0534450077
2022-07-28,1764884.360946021,1534086.053074689,1973827.870599562
2022-07-29,1760970.5740822481,1529464.7219064804,1985020.2679449841
2022-07-30,1917116.7910832919,1690558.1519156941,2150755.615501479
2022-07-31,1893139.4061700266,1663388.3396817462,2125471.9158747443
2022-08-01,1688541.5357721464,1456678.2498414817,1922482.7103114384
2022-08-02,1634252.6121833553,1393204.2638466272,1874721.759540679
2022-08-03,1675732.7222050065,1456979.2615168188,1899628.6228620945
2022-08-04,1696921.4970874842,1472625.8529019863,1926879.0839419523
2022-08-05,1714405.120672434,1469116.0484023215,1954595.0262676093
2022-08-06,1906793.7400935777,1673850.4518112815,2128488.54992437
2022-08-07,1925711.1817784223,1696307.6407889302,2173389.6878966494
2022-08-08,1754960.453100807,1523110.0811645968,1975994.921118223
2022-08-09,1710019.2000717793,1479485.6785754722,1937113.2166115446
2022-08-10,1731070.7578132667,1500755.2730548233,1967672.3947304252
2022-08-11,1711071.8670454747,1472192.0185212197,1953439.911589609
2022-08-12,1684781.5818779448,1451268.9325087045,1890319.1793209517
2022-08-13,1847686.7355755358,1613301.5684675837,2073839.3925621363
2022-08-14,1859286.8768036587,1634707.526768332,2085002.9024460374
2022-08-15,1701951.6248425855,1460779.1354373137,1911150.111050415
2022-08-16,1685696.2889480605,1463783.8588353754,1893236.2310278655
2022-08-17,1745652.2782728067,1513738.382635798,1984646.0296087118
2022-08-18,1769468.3051705484,1546454.3318860633,2017748.9364144597
2022-08-19,1782980.174291391,1567244.9302227392,2015406.3786663609
2022-08-20,1968990.0770445457,1734128.1553066461,2191420.368771068
2022-08-21,1976645.9404266856,1738437.4967700266,2188805.7009799522
2022-08-22,1788501.857486099,1565651.1602346099,2022116.6378551638
2022-08-23,1728253.6255393997,1503406.6150759156,1974112.7339535062
2022-08-24,1751665.5655276624,1524805.7081753893,1988761.2668960893
2022-08-25,1761491.5494701867,1534293.4814786501,1986223.680558272
2022-08-26,1784054.1579590922,1538002.510305607,2006297.9517663538
2022-08-27,1989145.7898739057,1755951.85514254,2210532.095066109
2022-08-28,2009458.1835821145,1792034.992056917,2235246.7328987103
2022-08-29,1818195.5615279893,1594895.2127344324,2047256.9359901468
2022-08-30,1740465.4204792907,1512148.0509589904,1987347.5757840155
2022-08-31,1739980.177262618,1498152.9639177562,1970970.4943123967
2022-09-01,1727246.6701104846,1485810.4808773738,1967101.2711171322
2022-09-02,1733194.9689904216,1508452.1399729685,1949955.949731832
2022-09-03,1930816.8371205106,1722812.980355058,2160223.766232421
2022-09-04,1956731.5856565703,1714907.0925173117,2195928.703665461
2022-09-05,1786777.4638542356,1565814.7681365623,2018472.522877092
2022-09-06,1742419.1320332019,1508677.1943747632,1975819.3290417555
2022-09-07,1775019.4555934067,1561400.1108398454,1991404.7653198862
2022-09-08,1778437.1188847732,1544932.0755380085,2036114.6158394925
2022-09-09,1772371.3324519855,1546509.2050273172,1992858.1326604558
2022-09-10,1931848.6375426247,1705384.5657893948,2164432.9015585217
2022-09-11,1908374.7001950631,1679629.9284146372,2151971.975211786
2022-09-12,1696734.4392897238,1473271.0146836399,1922325.9150133883
2022-09-13,1631311.2230783761,1382331.3907590618,1845986.115218489
2022-09-14,1666262.963036779,1440770.3957362657,1905179.2972976752
2022-09-15,1691291.505389082,1469920.580105053,1919463.1415620556
2022-09-16,1720585.2115360023,1511650.7765039545,1950793.9764654413
2022-09-17,1924293.7281581648,1701706.7901516955,2157408.878211691
2022-09-18,1947142.9134379965,1704446.9388530317,2153655.896977881
2022-09-19,1772678.2052497445,1537327.1934877082,2007107.5432891631
2022-09-20,1722555.6828150516,1481384.051801039,1963578.2976396626
2022-09-21,1744836.162924145,1524292.623708139,1967838.6515740808
2022-09-22,1736269.1946140372,1510022.8577192079,1958140.7673286386
2022-09-23,1729438.2040307682,1497566.1941722245,1961452.727116653
2022-09-24,1913744.397621461,1678983.9465523628,2133763.9641496567
2022-09-25,1942170.6778795766,1719486.0625339842,2170958.5783764976
2022-09-26,1791043.1579149007,1552777.6796329522,2035001.3764972521
2022-09-27,1765583.7209869793,1550411.3938649765,1994026.9493737845
2022-09-28,1799791.789135968,1565852.226224503,2025448.504596841
2022-09-29,1786474.5428414769,1552209.6565565944,2015799.2690596478
2022-09-30,1763657.066890274,1532681.7138195455,1998452.8948976581
2022-10-01,1929157.4966621245,1673575.1033354094,2159998.017619782
2022-10-02,1942111.137832419,1693904.6301741377,2164906.6635104707
2022-10-03,1782325.882392202,1551899.3474957226,2011467.358185663
2022-10-04,1758422.6739421878,1535994.999666199,1989711.7565255265
2022-10-05,1808156.9340061028,1579430.6779274775,2026905.7916693185
2022-10-06,1824470.1160171279,1602505.9233291035,2047942.4063953406
2022-10-07,1837336.686248445,1611703.3377538815,2062082.1966103215
2022-10-08,2029053.686072174,1797010.4074014402,2255193.7723657563
2022-10-09,2043595.1071231002,1794901.0766393405,2272134.4578656335
2022-10-10,1855674.8264045569,1617878.8856914616,2075588.506582518
2022-10-11,1783036.6748598816,1557484.7137797072,1998523.7212800942
2022-10-12,1781753.8465336603,1559580.120735396,2021621.4575474642
2022-10-13,1761798.1065939558,1538102.6254838728,2005900.4267747323
2022-10-14,1761075.6256495686,1514671.0233364808,1975604.5508193339
2022-10-15,1960514.7643505987,1723029.9426518797,2191906.601859924
2022-10-16,1998782.1166910531,1772107.6065299397,2221816.7227445217
2022-10-17,1845576.8339386163,1624719.6087897783,2056157.6334664866
2022-10-18,1813295.9495670863,1589098.788318052,2051422.3540728553
2022-10-19,1849094.7563768816,1622838.1771891897,2097677.096456309
2022-10-20,1850274.052029369,1629685.760601199,2069806.5659080783
2022-10-21,1844294.6635560512,1612816.2189384378,2067386.0239439586
2022-10-22,2012170.9866835112,1775067.8127275093,2235462.2697016
2022-10-23,2006236.4514425548,1798718.7951064073,2244110.6893548933
2022-10-24,1816703.3655785846,1593986.828208167,2036412.9349749696
2022-10-25,1770907.0727876471,1536583.5501861172,2014263.9072488847
2022-10-26,1816405.3120417292,1582412.308014336,2030677.8522797774
2022-10-27,1837452.1759735506,1611142.843289005,2050859.128360092
2022-10-28,1844943.702766662,1606682.8551144444,2074853.2770183755
2022-10-29,2010464.1403687121,1781751.9144270997,2229032.3668277585
2022-10-30,1987794.2796720515,1742416.6076757319,2223934.3144654916
2022-10-31,1775050.5034036667,1540996.2824982097,1990710.993685418
2022-11-01,1707246.9081786189,1473503.621144368,1921719.917968538
2022-11-02,1736563.1368528125,1509818.9369214587,1956867.7135072849
2022-11-03,1750515.2859834163,1511833.3782745528,1980864.3434620423
2022-11-04,1763922.4500816509,1536427.35675472,1999136.4829281126
2022-11-05,1951039.8415034611,1750597.585217932,2183717.358822571
2022-11-06,1962175.4601229078,1739454.673798406,2200747.1378094624
2022-11-07,1783196.0645151658,1542611.1026444167,1997341.5222175564
2022-11-08,1732529.0643648666,1508805.5838107504,1951993.930993197
2022-11-09,1751245.958959845,1527890.6026530287,1987834.9232617225
2022-11-10,1729030.0271867933,1483971.3992497222,1950209.336614465
2022-11-11,1695612.7461864015,1487326.6879292885,1921914.2160894605
2022-11-12,1844229.2055268453,1603157.7803486,2063286.9513413566
2022-11-13,1838242.2406571824,1605711.5997033364,2067147.198735217
2022-11-14,1666350.784064138,1416962.5765276607,1904600.2494754847
2022-11-15,1642797.1248139697,1423767.6328887336,1881452.8117814758
2022-11-16,1703154.195470092,1494367.6326165998,1943518.7094753
2022-11-17,1732238.9543272369,1517695.9548445295,1971383.0853263822
2022-11-18,1752901.9642265898,1509899.6874834292,1990635.4428227409
2022-11-19,1947037.2148533086,1714851.6488800806,2184537.2246109345
2022-11-20,1965264.565205977,1722978.191180185,2206496.134010633
2022-11-21,1790046.4025166852,1564323.768243495,2030749.25962652
2022-11-22,1742445.647143284,1518416.614944778,1973249.8440452183
2022-11-23,1776236.351790053,1526233.7342104735,1998661.3650468572
2022-11-24,1795304.3887836963,1553097.8401713783,2034680.4434334415
2022-11-25,1830492.7052059243,1580384.2727621782,2058759.4231783343
2022-11-26,2056248.3844198964,1807868.4566234448,2275685.171063267
2022-11-27,2106654.4569260147,1867069.5821954967,2330401.3247382287
2022-11-28,1949924.9269717995,1723363.5780758352,2194006.372958343
2022-11-29,1902947.0527590897,1680102.787261742,2134457.8698383714
2022-11-30,1924778.6752463777,1701619.2215712098,2148128.0404146584
2022-12-01,1927614.7040017624,1703728.3974689282,2159163.2396037057
2022-12-02,1948291.5387001275,1714057.4156770157,2171333.3744770675
2022-12-03,2164640.948311389,1955600.040427903,2382490.6052053613
2022-12-04,2214198.895492867,1978001.4004457765,2422065.0275779883
2022-12-05,2068939.3235178734,1836810.7177445146,2316538.3244368164
2022-12-06,2045883.7697088206,1817485.1096374532,2274833.672987775
2022-12-07,2096155.3860289645,1850647.7954940796,2338890.3692437643
2022-12-08,2116619.4468532107,1889913.099665523,2349395.6842203485
2022-12-09,2129094.765676905,1896652.4633010156,2373278.6687842724
2022-12-10,2306508.713602796,2062231.8195061286,2523878.548694452
2022-12-11,2295834.8950621183,2059234.3167285307,2511850.087739639
2022-12-12,2087602.129150912,1861160.0394469816,2317568.3286660663
2022-12-13,2016067.3332177626,1787759.9690229085,2255900.2156047723
2022-12-14,2040574.7976958682,1818127.5074461538,2266654.256044946
2022-12-15,2056949.2519856272,1823955.119881828,2288900.9881281527
2022-12-16,2081943.1635721244,1842276.7034472115,2304170.5257015736
2022-12-17,2283718.7952655656,2059741.8709209578,2511254.6884611147
2022-12-18,2304242.9580391087,2083412.4102545471,2522715.198835357
2022-12-19,2125350.8288194216,1885917.1057090978,2356067.3096099296
2022-12-20,2068771.0941888974,1841659.2804028098,2307525.1750822584
2022-12-21,2083566.5288857,1855440.5022784977,2320981.9896870763
2022-12-22,2065780.7825726417,1841681.683404191,2291245.198754065
2022-12-23,2045816.5068553519,1827428.8643720825,2266055.616885838
2022-12-24,2212296.796054542,1984749.3812937543,2448902.063422484
2022-12-25,2222140.9074077555,1987458.9085361015,2449241.7163876886
2022-12-26,2057475.4078771013,1818653.4288652013,2278714.164315067
2022-12-27,2026787.6458501092,1786634.194222092,2252722.2360003516
2022-12-28,2062404.8999706933,1817867.3399060576,2291617.1207913077
2022-12-29,2050748.7907437533,1812884.364650771,2274553.8427826576
2022-12-30,2023346.4398474067,1791484.0432540493,2254792.0294703194
2022-12-31,2176391.6177643877,1957976.5243639613,2408814.931077425
2023-01-01,2174242.778727859,1939377.4910113465,2398613.5744805736
2023-01-02,2003311.9668299593,1771546.3741390896,2223939.7175990255
2023-01-03,1974962.904228753,1725178.4644527095,2223015.065723076
2023-01-04,2025132.9198816146,1796685.308636784,2266321.757471444
2023-01-05,2042647.2084089594,1817655.8063221816,2284526.1971669327
2023-01-06,2055240.5876192295,1826533.7210336141,2269828.316235025
2023-01-07,2246604.8022824745,2005186.568525873,2484474.9541296205
2023-01-08,2264417.2260370087,2033183.518807164,2511108.3395130774
2023-01-09,2083837.7852578473,1855776.79189433,2296712.301034732
2023-01-10,2018240.3173661088,1796528.9287825592,2245638.315123914
2023-01-11,2018423.1858870261,1781218.681965487,2240603.7440810325
2023-01-12,1992219.1521415352,1748917.3455413242,2241453.637004644
2023-01-13,1980424.128966018,1753933.139240589,2211829.9370359895
2023-01-14,2169658.5539721674,1936355.630617874,2385861.02159857
2023-01-15,2203683.6280699484,1978296.8070757925,2438038.227095694
2023-01-16,2052388.5850391649,1832066.2788844118,2288735.386780868
2023-01-17,2024500.1519934493,1807482.4661219697,2261076.6885223645
2023-01-18,2064257.0608801371,1820495.4764058737,2287810.6111228378
2023-01-19,2068530.6960122178,1830809.1889155987,2309612.2821820457
2023-01-20,2065687.8675116824,1842411.2740642354,2284291.8699087263
2023-01-21,2236450.3545400756,2004603.6425740651,2475804.409857158
2023-01-22,2231833.461316636,2007045.7845171972,2461212.5809816183
2023-01-23,2040246.0309391718,1809302.3743299292,2274100.051270042
2023-01-24,1989729.9170948514,1768586.7156004147,2225654.2345733987
2023-01-25,2032809.4395198605,1819778.632287418,2251043.4268595916
2023-01-26,2059207.7356631306,1830143.4909601812,2291586.360764214
2023-01-27,2080932.7249658308,1855979.7853738726,2307347.1614863295
2023-01-28,2264604.6128061935,2036555.5032320095,2513086.6773228236
2023-01-29,2257254.262815044,2046849.9600210893,2491332.2214651373
2023-01-30,2052605.1225680683,1842058.4284922702,2287906.4509858424
2023-01-31,1986924.9655382284,1753071.975968235,2222286.2627365617
2023-02-01,2018655.8782964838,1794381.9784740193,2242290.3242435353
2023-02-02,2040801.7339745127,1810528.9359686952,2273216.204812922
2023-02-03,2068580.1241559994,1847242.003816006,2301882.763486248
2023-02-04,2272102.0208818363,2045155.6132146611,2515837.498030728
2023-02-05,2298337.4504404445,2066568.2642866056,2530945.714586026
2023-02-06,2132764.5163019793,1924068.653096817,2371511.497817059
2023-02-07,2095943.9139104954,1860342.2791804688,2314645.207446946
2023-02-08,2130971.920696943,1906326.9538343423,2381257.9788524075
2023-02-09,2125630.0275448663,1887792.9562505502,2349892.008208294
2023-02-10,2104159.498730382,1876711.4183428956,2341226.30532682
2023-02-11,2254840.649249403,2028030.2994770207,2472198.237202046
2023-02-12,2241632.124826005,2022394.9720852347,2485741.994185366
2023-02-13,2057940.3821779166,1828617.1196696435,2304013.738053496
2023-02-14,2022995.7287760822,1790117.6055255665,2258857.919329108
2023-02-15,2074657.2068415016,1826306.152864853,2314035.6208668975
2023-02-16,2095851.7776497856,1876837.7633617555,2337883.9542516414
2023-02-17,2105698.6901097563,1867614.4054249781,2332978.4298684434
2023-02-18,2283758.040512156,2049250.9660964636,2506212.7778985836
2023-02-19,2281611.7666699113,2038474.858508551,2514159.1551751145
2023-02-20,2082503.743786195,1860205.1561510556,2299350.529633729
2023-02-21,2005997.7427972776,1755834.0458558868,2211287.617507
2023-02-22,2003820.0384500567,1780613.5135375233,2235045.33097136
2023-02-23,1979640.9396810152,1734710.899339404,2213983.683955612
2023-02-24,1967774.4392875892,1729606.3830847298,2193929.4906566828
2023-02-25,2148383.857508442,1919109.982481747,2382726.52638453
2023-02-26,2160268.9468593015,1925006.1577502377,2396378.2123196316
2023-02-27,1970320.3475711155,1731633.9955890246,2191494.6843727655
2023-02-28,1888803.073837515,1658775.2803195398,2105637.887877638
2023-03-01,1868932.2684557782,1627111.7042208891,2093200.9706789884
2023-03-02,1822310.6435601807,1598874.2530373416,2068826.3176948237
2023-03-03,1790936.1260206667,1540014.0091129425,2012807.0871828797
2023-03-04,1959487.9826327153,1727474.7817212143,2209120.527098747
2023-03-05,1969937.5327826354,1745706.3096772544,2195875.92119326
2023-03-06,1792933.9454589554,1562759.7492224905,2020501.235906796
2023-03-07,1741185.3774088754,1502225.442531466,1960848.2486988602
2023-03-08,1764162.682261171,1542244.0302308952,1996408.658770871
2023-03-09,1760986.3022249306,1519274.3987086988,1992214.2838035685
2023-03-10,1756848.1640281836,1531628.5399778695,1974819.3635964987
2023-03-11,1925005.721699216,1690707.2807400874,2162704.918436048
2023-03-12,1909310.1153814783,1688468.3396639759,2133990.1585279466
2023-03-13,1694984.4266054404,1474263.0542745218,1928479.5905800154
2023-03-14,1613358.1384869078,1392067.3746884195,1835841.7212680918
2023-03-15,1626612.8477583684,1385190.5814312652,1838749.8630929256
2023-03-16,1636459.5799715517,1397387.669324017,1866134.7888071896
2023-03-17,1663743.3183540131,1427576.6124037919,1907340.741028408
2023-03-18,1876040.6716981842,1651449.1103221313,2106641.3346081167
2023-03-19,1912264.023868307,1698768.656517078,2153220.7631431175
2023-03-20,1750715.1486662133,1536695.3304813262,1983571.5739178257
2023-03-21,1711384.4846673904,1481129.8128821226,1940799.1712313488
2023-03-22,1743752.4484168924,1506223.6293392947,1965652.449725959
2023-03-23,1743426.6439348161,1521609.8851262473,1979838.5167238833
2023-03-24,1738256.980113912,1500264.849894152,1982595.1136865611
2023-03-25,1914162.5138648849,1694239.7346272452,2146824.600235597
2023-03-26,1929370.4293728739,1686570.0475217698,2170360.8479844024
2023-03-27,1770457.7161493485,1539115.3554161005,1998697.508980856
2023-03-28,1750292.07398843,1524456.648850109,1980895.0049694174
2023-03-29,1802162.8381130106,1578034.3259218405,2030743.5619656078
2023-03-30,1807831.6301316442,1577930.95210903,2042218.3867101232
2023-03-31,1791381.2984285266,1564090.3767631757,2002824.8009674181
2023-04-01,1944326.8645615461,1725205.7935463595,2181575.408289517
2023-04-02,1933554.1760023858,1689243.7403732613,2156371.8039465463
2023-04-03,1751935.5585344587,1521654.0407767661,1982163.2853564164
2023-04-04,1715971.858069297,1489210.7363473265,1969812.2173244723
2023-04-05,1762589.7819700371,1534439.8749870877,1991539.5328436533
2023-04-06,1777494.1435582074,1537232.50121935,2013406.3116264392
2023-04-07,1785064.512159985,1556027.3450437118,2024498.9354021074
2023-04-08,1968935.0021388175,1722477.3230910744,2187415.484699388
2023-04-09,1980732.5234391547,1767584.334708099,2209531.0230425852
2023-04-10,1798293.8626870082,1562068.4940772683,2026978.6408251738
2023-04-11,1733090.4435881737,1515006.0969645898,1971542.8655939174
2023-04-12,1731251.086392678,1499818.8483645858,1952577.6800687583
2023-04-13,1696775.6244695382,1458643.1415566164,1936936.0680256635
2023-04-14,1671001.0012385235,1437241.3567411422,1883976.1947814196
2023-04-15,1845416.763074238,1611029.5259635076,2084802.7441165773
2023-04-16,1870293.9966498308,1631884.365051937,2107138.8215518515
2023-04-17,1718047.9443934981,1462919.489167787,1943018.9145514406
2023-04-18,1694992.2595256658,1458221.0817874135,1916561.185142001
2023-04-19,1741833.3873956834,1521054.1352563761,1978712.1688303563
2023-04-20,1753526.9397550772,1521270.4264212633,1977136.2846058537
2023-04-21,1758583.1767730762,1516633.125087253,1990108.4240770105
2023-04-22,1937865.5638736226,1708043.2933105722,2164661.8802648904
2023-04-23,1941592.8418573493,1701347.234199872,2166242.7763009234
2023-04-24,1755545.794202763,1512010.2779878017,1996596.6343463995
2023-04-25,1706224.5979715565,1473358.2750363047,1941313.0199390284
2023-04-26,1749060.1148759946,1517656.1914231596,1975206.0347885056
2023-04-27,1779211.7143918802,1525720.8750204071,2015077.2212938014
2023-04-28,1811977.3417185456,1585533.0811749026,2059584.2576374002
2023-04-29,2011514.3631165912,1787816.072388191,2239697.235036548
2023-04-30,2018553.3439264682,1792115.7735542592,2243149.9383254093
2023-05-01,1820138.9598813546,1601167.7988844146,2047399.9241798657
2023-05-02,1750494.6364873752,1502061.54509123,1976205.524803603
2023-05-03,1772668.3100458065,1546771.0177962892,2007289.3514508393
2023-05-04,1786377.8005426212,1558880.8907118596,2023716.7617780976
2023-05-05,1810130.4368681873,1572917.8231011597,2041638.251072045
2023-05-06,2011979.111714221,1801818.633688937,2257634.722864654
2023-05-07,2035420.3206456068,1814921.1080235413,2255273.8761044196
2023-05-08,1864059.6920699787,1643632.7726232293,2090743.63169858
2023-05-09,1819961.4651159598,1581248.9433581477,2056938.6433943068
2023-05-10,1849808.9310813416,1613167.2339872525,2074443.2068772314
2023-05-11,1842397.8246912006,1617903.4085677487,2077880.6020422836
2023-05-12,1818540.8617305846,1594064.4066877442,2043069.194275423
2023-05-13,1961312.8026016038,1728751.6493106044,2193683.22291504
2023-05-14,1933387.573053403,1706407.9255279838,2176273.429070595
2023-05-15,1731541.7156892028,1491797.7763673202,1978238.1640667734
2023-05-16,1680827.2208921064,1473438.2881253643,1911740.6482775507
2023-05-17,1724014.3453043008,1488006.4313822554,1956750.4733123127
2023-05-18,1744633.5776706196,1495796.2422922733,1956602.0853374542
2023-05-19,1758832.7286092748,1529281.1607138286,1983456.4984328889
2023-05-20,1943001.0288434122,1729298.737718787,2178766.577540856
2023-05-21,1948756.661264516,1718396.199603292,2172648.554937868
2023-05-22,1760295.7987954356,1523746.2176450512,2004300.3342966114
2023-05-23,1696554.90264623,1470278.8873100497,1925345.5507740832
2023-05-24,1707271.7948182172,1472584.245924159,1948634.3810675994
2023-05-25,1694222.7143032395,1459031.9580916069,1906937.4942170314
2023-05-26,1692618.1170468237,1441323.6713857756,1914027.4066560816
2023-05-27,1886842.5676231345,1666605.1366788961,2133455.963789932
2023-05-28,1921185.1733400722,1687941.5656407222,2148427.2557491274
2023-05-29,1763317.5744928499,1526814.0748309926,2000093.8938280616
2023-05-30,1717907.5756258625,1498249.6679436332,1948758.351687813
2023-05-31,1730531.3660927524,1498948.1066033784,1958546.6061662633
2023-06-01,1708168.9781007583,1486088.8666788042,1935364.0997979576
2023-06-02,1694206.9158403925,1466453.0591457575,1924504.6005811056
2023-06-03,1878878.2584136582,1659103.7018953967,2097704.9292900576
2023-06-04,1909794.7631479003,1683230.4412450793,2139442.10046278
2023-06-05,1757896.3785061333,1509833.5283334784,1995670.2967545677
2023-06-06,1731416.2955554903,1508269.5917406206,1963086.757499052
2023-06-07,1775968.6095976087,1556769.8671477854,2009872.1447922054
2023-06-08,1790486.3910785078,1558468.9589624302,2017734.1633833945
2023-06-09,1802916.3294195402,1568672.025969155,2035720.7904628217
2023-06-10,1988363.364288433,1754814.062343656,2220601.5846526595
2023-06-11,1989484.7366974258,1741166.5232482683,2209295.6904316326
2023-06-12,1786457.12469303,1554155.8003336221,2011060.3683964668
2023-06-13,1705847.0059630836,1472770.8903955068,1953597.0913214674
2023-06-14,1710390.2657215234,1484232.0451404543,1939751.3307388357
2023-06-15,1707130.7040478927,1468141.6352827235,1945287.05254585
2023-06-16,1722886.3346254693,1498972.7791808452,1943591.66751574
2023-06-17,1927633.4971068571,1709645.8856623883,2151636.5699839555
2023-06-18,1959304.742571829,1734800.5001410933,2180103.186742278
2023-06-19,1793015.3193758233,1576681.8316096477,2021714.5207694408
2023-06-20,1746609.8741620667,1520860.0117139313,1985759.877373799
2023-06-21,1770385.7302184843,1528485.785526799,2005815.69580451
2023-06-22,1761158.9332064025,1526271.8908666,1982555.4048790259
2023-06-23,1745972.3054733234,1511290.2799308002,1986466.5351074156
2023-06-24,1908419.4999409697,1673829.110160322,2146096.1132968157
2023-06-25,1906933.9311192245,1676621.479822376,2143295.1969757765
2023-06-26,1731536.4503751881,1520543.439668239,1967387.6297160732
2023-06-27,1700368.7130983,1461887.3419634234,1919381.6392129827
2023-06-28,1750630.8549601631,1519332.5089787783,1984363.5591462948
2023-06-29,1762518.332136753,1531366.7240576828,1999123.5768996794
2023-06-30,1753517.3985415476,1510002.3691688785,1995250.403486929
2023-07-01,1908369.0126142527,1680103.0568591992,2126635.3396155233
2023-07-02,1893161.7662686033,1672435.4084427666,2141595.054550736
2023-07-03,1705323.5514473186,1484143.791173463,1934717.0688782248
2023-07-04,1667252.4796916002,1449955.3720649364,1898947.092502111
2023-07-05,1719084.5467815953,1482858.10763796,1949541.9445625641
2023-07-06,1744633.6851806964,1519435.2904578492,1991729.466200925
2023-07-07,1763770.9579670138,1546429.9736782112,2005457.5465401986
2023-07-08,1957436.8764255794,1708294.3833432863,2189282.3291111575
2023-07-09,1979320.787705408,1745666.747516091,2222115.4174832725
2023-07-10,1810169.5099745789,1588013.7418430075,2026210.0463752458
2023-07-11,1761105.5136117078,1535128.238343847,1972135.7529408233
2023-07-12,1774294.6136983468,1548783.736143263,1997109.2169365461
2023-07-13,1748345.49378613,1506810.5958617192,1979723.6200221428
2023-07-14,1722032.7229415406,1478860.5984290466,1917030.4718047678
2023-07-15,1889272.3862871141,1663922.3896182405,2126689.2959928834
2023-07-16,1906722.5011492963,1670592.3678012262,2148444.928615345
2023-07-17,1751170.3807480754,1527905.9415411348,1977079.0854131954
2023-07-18,1728434.6395795913,1499124.7818687973,1971124.4131594475
2023-07-19,1776097.487839908,1535095.1571923285,2018049.4411532723
2023-07-20,1786245.7627589644,1544721.487071798,2024414.6173950154
2023-07-21,1786731.3131086226,1532993.4468378916,2027407.915125212
2023-07-22,1959092.0573488176,1728055.093055691,2182998.5234891977
2023-07-23,1954215.141659389,1706987.5246591684,2190411.056124068
2023-07-24,1756124.9614166578,1538590.421319393,1963762.6377679468
2023-07-25,1689114.400618699,1455472.4500775333,1920361.9318757157
2023-07-26,1710133.5549711497,1483858.5976963462,1936203.7789130786
2023-07-27,1719612.462940313,1517411.8926321554,1954833.989739259
2023-07-28,1738348.0042726446,1496716.8967949706,1952095.2294023517
2023-07-29,1931646.2142877488,1694683.0834283258,2168313.5910665775
2023-07-30,1936504.0620453907,1709342.7611484441,2162466.164158697
2023-07-31,1733029.3473317842,1495104.232068965,1956314.4202321144
2023-08-01,1650864.799325969,1423394.6745192127,1886339.5306819351
2023-08-02,1655300.0198903994,1426111.106597889,1900595.4455556993
2023-08-03,1652757.8040770527,1427285.6373036178,1871394.884073023
2023-08-04,1667368.1119855864,1431784.732729101,1904066.62277454
2023-08-05,1867685.9706689997,1627597.4280367314,2115527.4295499125
2023-08-06,1894313.1523932822,1655929.3009206126,2122606.6100664735
2023-08-07,1727296.8742548425,1502861.3648051047,1960708.3146129479
2023-08-08,1688045.261791864,1457729.7810181116,1916081.5688815038
2023-08-09,1726249.9316322585,1493489.4305438634,1961920.3933944798
2023-08-10,1733035.6993067085,1488283.7063649315,1953723.9745802276
2023-08-11,1727280.316799594,1507433.2024401133,1980289.5354078007
2023-08-12,1886461.4025013205,1648968.5561886153,2107167.6518885004
2023-08-13,1869286.2062391485,1632739.1312958435,2103015.1123243617
2023-08-14,1672599.931670473,1444362.0130144043,1906799.2554102538
2023-08-15,1625559.7069092717,1395716.2046210603,1856834.1459431115
2023-08-16,1676452.6475636414,1453495.6034111904,1911149.3513308316
2023-08-17,1711049.232307319,1489912.9550922257,1949881.7755906165
2023-08-18,1743217.718546738,1499255.020151003,1970284.0845503323
2023-08-19,1945146.382214198,1722752.4879766353,2178810.8528361367
2023-08-20,1966747.9510964653,1740605.7232544452,2189212.99754895
2023-08-21,1792313.7127340892,1553188.0032343415,2024865.6173309174
2023-08-22,1740652.1813241877,1507959.388981963,1945259.2716885814
2023-08-23,1760256.4834990224,1531212.485693237,1993359.728329499
2023-08-24,1750556.6757030226,1540956.1668010876,1995634.5574106048
2023-08-25,1745919.7441627167,1510504.2241962566,1971512.3965559618
2023-08-26,1933513.0564109394,1699724.74053266,2170474.329365291
2023-08-27,1963790.7481102436,1738994.1038298272,2203526.056283228
2023-08-28,1808153.4440852785,1582553.8986272078,2052335.2046354564
2023-08-29,1768981.2254536245,1545829.2690141052,1988019.6771149337
2023-08-30,1785484.6784039668,1541903.3980001553,2005120.4450253746
2023-08-31,1758547.367518615,1532185.2581209647,1976137.9399945303
2023-09-01,1730414.8579407143,1511020.1756860458,1956032.7244073874
2023-09-02,1895910.0147636558,1665810.8444197457,2112589.6209950405
2023-09-03,1910100.9692639904,1681608.4272950252,2140146.3731805193
2023-09-04,1747578.429898948,1513013.1368033402,1980154.2234081426
2023-09-05,1714522.8385181406,1503422.0259596384,1947558.271963061
2023-09-06,1752749.625378271,1526856.4678562477,1981661.484308263
